query,context,response
What are the features of the Premium plan?,"User browsing pricing page, asked about Premium subscription tier","The Premium plan includes unlimited storage, priority support, advanced analytics, API access, and team collaboration features."
Is your product compatible with Mac?,Mac user checking system requirements before purchase,"Yes, our product is fully compatible with Mac OS 10.14 and later. You can download it from our website or the App Store."
Do you offer a free trial?,New customer interested in testing before purchasing,"Yes, we offer a 30-day free trial of all our plans with full access to features. No credit card required to sign up."
Where is my order? It's been 5 days.,"Order ID: ORD-2024-78932, Customer placed order on August 8th",Your order is currently in transit and should arrive within 2-3 business days. You can track your shipment using tracking number TRK-9876543 on our website.
Can I change my delivery address?,Customer wants to change address for order ORD-2024-89234 placed today,"If the order hasn't shipped yet, we can change the address. Please contact us immediately with your order ID and we'll update it for you."
How long does shipping take?,New customer checking standard delivery times,"Standard shipping takes 5-7 business days, Express shipping takes 2-3 business days, and Overnight shipping is available for urgent orders."
Why was I charged twice for my subscription?,Customer account shows duplicate charge for monthly subscription,We apologize for the duplicate charge. We've identified the issue and will process a refund immediately. Please check your account within 3-5 business days.
Can I get an invoice for my purchase?,Customer needs receipt for business expense documentation,"Yes, you can download invoices from your account dashboard under 'Billing & Receipts' or we can email you a PDF copy directly."
Do you accept PayPal?,"Customer checkout, wants to use PayPal payment method","Yes, we accept PayPal, credit cards (Visa, Mastercard, Amex), Apple Pay, Google Pay, and bank transfers for larger amounts."
The app keeps crashing on my phone. What should I do?,"Mobile app user experiencing crashes on iOS device, version 2.1.0","Try these steps: 1) Update to the latest version, 2) Clear app cache, 3) Restart your phone, 4) Reinstall the app if needed. Contact support if the issue persists."
How do I reset my password?,"User locked out of account, forgot password","Click 'Forgot Password' on the login page, enter your email, and you'll receive a password reset link within 5 minutes. Follow the link to create a new password."
I'm getting an error code 404 when trying to log in.,User reports authentication error during login attempt,"Error 404 usually indicates a connection issue. Try these: 1) Check your internet connection, 2) Clear browser cookies, 3) Try a different browser, 4) Wait 10 minutes and retry."
How do I update my profile information?,"User wants to change email, phone number, or address on their account","Go to Settings > Account > Profile Information. You can update your email, phone, address, and other details. Changes take effect immediately."
Can I have multiple accounts under the same email?,User asking about creating multiple user profiles,"Each email can have only one primary account. However, you can add team members or create sub-accounts within your workspace for team collaboration."
How do I delete my account?,User wants to permanently remove their account,Go to Settings > Account > Delete Account. Note that this is permanent and all your data will be deleted. Download your data first if needed.
What's your return policy?,Customer checking return eligibility before purchase,"We offer 30-day returns on unopened items for a full refund. For opened items, we offer store credit within 14 days. Shipping costs are non-refundable."
I received a damaged product. What should I do?,"Customer received defective item, order ORD-2024-45678","We're sorry for the inconvenience. Please reply with photos of the damaged item, and we'll send a replacement immediately at no cost to you."
How long does a refund take?,"Customer initiated return, wants to know processing timeline","Once we receive your return, processing takes 5-7 business days. The refund will appear in your account 3-5 business days after approval."
Do you have customer support available 24/7?,Customer checking support availability,"Our support team is available Monday-Friday 9AM-6PM EST. For urgent issues, we have an emergency support line available 24/7."
Is my data secure with your company?,User concerned about data privacy and security,"Yes, we use 256-bit SSL encryption, comply with GDPR/CCPA, and undergo regular security audits. Your data is stored in secure, redundant data centers."
Can I export my data?,User wants to download or export their stored data,"Yes, you can export your data in CSV, JSON, or PDF format from Settings > Data Export. The export is prepared within 24 hours."
What are the features of the Premium plan?,"User browsing pricing page, asked about Premium subscription tier","The Premium plan includes unlimited storage, priority support, advanced analytics, API access, and team collaboration features."
Is your product compatible with Mac?,Mac user checking system requirements before purchase,"Yes, our product is fully compatible with Mac OS 10.14 and later. You can download it from our website or the App Store."
Do you offer a free trial?,New customer interested in testing before purchasing,"Yes, we offer a 30-day free trial of all our plans with full access to features. No credit card required to sign up."
Where is my order? It's been 5 days.,"Order ID: ORD-2024-78932, Customer placed order on August 8th",Your order is currently in transit and should arrive within 2-3 business days. You can track your shipment using tracking number TRK-9876543 on our website.
Can I change my delivery address?,Customer wants to change address for order ORD-2024-89234 placed today,"If the order hasn't shipped yet, we can change the address. Please contact us immediately with your order ID and we'll update it for you."
How long does shipping take?,New customer checking standard delivery times,"Standard shipping takes 5-7 business days, Express shipping takes 2-3 business days, and Overnight shipping is available for urgent orders."
Why was I charged twice for my subscription?,Customer account shows duplicate charge for monthly subscription,We apologize for the duplicate charge. We've identified the issue and will process a refund immediately. Please check your account within 3-5 business days.
Can I get an invoice for my purchase?,Customer needs receipt for business expense documentation,"Yes, you can download invoices from your account dashboard under 'Billing & Receipts' or we can email you a PDF copy directly."
Do you accept PayPal?,"Customer checkout, wants to use PayPal payment method","Yes, we accept PayPal, credit cards (Visa, Mastercard, Amex), Apple Pay, Google Pay, and bank transfers for larger amounts."
The app keeps crashing on my phone. What should I do?,"Mobile app user experiencing crashes on iOS device, version 2.1.0","Try these steps: 1) Update to the latest version, 2) Clear app cache, 3) Restart your phone, 4) Reinstall the app if needed. Contact support if the issue persists."
How do I reset my password?,"User locked out of account, forgot password","Click 'Forgot Password' on the login page, enter your email, and you'll receive a password reset link within 5 minutes. Follow the link to create a new password."
I'm getting an error code 404 when trying to log in.,User reports authentication error during login attempt,"Error 404 usually indicates a connection issue. Try these: 1) Check your internet connection, 2) Clear browser cookies, 3) Try a different browser, 4) Wait 10 minutes and retry."
How do I update my profile information?,"User wants to change email, phone number, or address on their account","Go to Settings > Account > Profile Information. You can update your email, phone, address, and other details. Changes take effect immediately."
Can I have multiple accounts under the same email?,User asking about creating multiple user profiles,"Each email can have only one primary account. However, you can add team members or create sub-accounts within your workspace for team collaboration."
How do I delete my account?,User wants to permanently remove their account,Go to Settings > Account > Delete Account. Note that this is permanent and all your data will be deleted. Download your data first if needed.
What's your return policy?,Customer checking return eligibility before purchase,"We offer 30-day returns on unopened items for a full refund. For opened items, we offer store credit within 14 days. Shipping costs are non-refundable."
I received a damaged product. What should I do?,"Customer received defective item, order ORD-2024-45678","We're sorry for the inconvenience. Please reply with photos of the damaged item, and we'll send a replacement immediately at no cost to you."
How long does a refund take?,"Customer initiated return, wants to know processing timeline","Once we receive your return, processing takes 5-7 business days. The refund will appear in your account 3-5 business days after approval."
Do you have customer support available 24/7?,Customer checking support availability,"Our support team is available Monday-Friday 9AM-6PM EST. For urgent issues, we have an emergency support line available 24/7."
Is my data secure with your company?,User concerned about data privacy and security,"Yes, we use 256-bit SSL encryption, comply with GDPR/CCPA, and undergo regular security audits. Your data is stored in secure, redundant data centers."
Can I export my data?,User wants to download or export their stored data,"Yes, you can export your data in CSV, JSON, or PDF format from Settings > Data Export. The export is prepared within 24 hours."
What are the features of the Premium plan?,"User browsing pricing page, asked about Premium subscription tier","The Premium plan includes unlimited storage, priority support, advanced analytics, API access, and team collaboration features."
Is your product compatible with Mac?,Mac user checking system requirements before purchase,"Yes, our product is fully compatible with Mac OS 10.14 and later. You can download it from our website or the App Store."
Do you offer a free trial?,New customer interested in testing before purchasing,"Yes, we offer a 30-day free trial of all our plans with full access to features. No credit card required to sign up."
Where is my order? It's been 5 days.,"Order ID: ORD-2024-78932, Customer placed order on August 8th",Your order is currently in transit and should arrive within 2-3 business days. You can track your shipment using tracking number TRK-9876543 on our website.
Can I change my delivery address?,Customer wants to change address for order ORD-2024-89234 placed today,"If the order hasn't shipped yet, we can change the address. Please contact us immediately with your order ID and we'll update it for you."
How long does shipping take?,New customer checking standard delivery times,"Standard shipping takes 5-7 business days, Express shipping takes 2-3 business days, and Overnight shipping is available for urgent orders."
Why was I charged twice for my subscription?,Customer account shows duplicate charge for monthly subscription,We apologize for the duplicate charge. We've identified the issue and will process a refund immediately. Please check your account within 3-5 business days.
Can I get an invoice for my purchase?,Customer needs receipt for business expense documentation,"Yes, you can download invoices from your account dashboard under 'Billing & Receipts' or we can email you a PDF copy directly."
